,ID,StudyHours,Attendance,Marks
ID,1.0,-0.024455500975703363,-0.0024419979229619703,-0.02128897768606385
StudyHours,-0.024455500975703363,1.0,0.03324737836383473,0.021273583777914287
Attendance,-0.0024419979229619703,0.03324737836383473,1.0,0.029417938727938
Marks,-0.02128897768606385,0.021273583777914287,0.029417938727938,1.0
