Grade,Marks
A,85.26666666666667
A+,95.00335570469798
B,75.04578313253012
C,66.25099999999999
D,49.66612903225806
