Grade,Attendance
A,74.27878787878788
A+,76.0738255033557
B,75.62650602409639
C,75.16666666666667
D,74.81290322580645
